store_id,product_id,category,region,inventory_level,demand_forecast,price,discount,weather_condition,holiday_promotion,competitor_pricing,seasonality,year,month,day_of_week,target,prediction
4,19,3,2,489,141.18,52.135551773013034,4,0,1,39.091895602772645,3,2023,9,4,131,137
2,11,3,1,493,470.85,14.217739422739907,9,2,0,10.913114683189745,2,2022,9,0,455,465
3,1,3,2,374,142.83,92.5881312813111,14,3,0,74.88425696597099,0,2022,6,0,129,138
2,19,1,1,101,87.08,61.180061859602034,4,2,1,47.691543750168904,0,2023,4,3,92,82
0,14,4,2,127,106.36,46.01754558705283,4,1,0,38.76952731499814,0,2023,1,0,93,100
2,16,1,1,406,216.33,13.6070909710339,24,2,0,14.497091529623908,1,2022,4,2,221,211
1,3,1,3,217,58.0,97.57701391506019,9,1,1,81.33162272146102,2,2023,5,5,67,52
1,1,2,2,498,329.47,35.97065030615396,9,2,0,33.611634710606126,3,2023,9,0,313,323
3,2,3,3,59,69.1,105.90718052984217,14,1,1,86.04388857510594,0,2022,4,1,50,57
1,6,1,3,218,88.32,99.22461256777642,9,0,1,77.91831143914277,2,2023,6,3,75,83
0,9,2,0,192,53.33,62.59722713431598,19,3,0,54.04409530337232,1,2022,7,2,44,49
1,7,2,1,181,55.49,81.52732913720227,14,2,1,68.4274097902523,3,2023,11,2,43,50
1,10,3,3,333,345.18,46.78949740336043,24,2,1,40.694255621416495,0,2023,12,4,331,333
4,9,2,0,153,151.03,50.6377348159983,24,1,0,44.60060075562516,0,2022,10,2,138,141
3,8,0,3,344,331.02,13.491874282032766,14,3,1,13.330876841498506,3,2023,5,6,336,323
0,11,2,0,416,197.42,33.62022985053083,9,1,0,25.144726446411124,3,2022,11,2,179,193
0,11,0,1,428,125.87,25.601148296051925,19,2,0,25.28694774984105,3,2022,8,0,130,121
1,0,1,3,191,70.12,105.41174876713728,24,3,1,82.44094888821445,3,2022,4,5,75,66
2,17,0,2,367,194.29,56.60595930625703,14,0,1,44.96089472431431,3,2023,9,6,177,188
0,2,4,3,487,47.55,113.92626208432107,24,1,1,96.79581911440843,0,2022,11,0,46,40
2,2,1,0,107,105.69,60.327458360993646,14,0,0,49.739530519559864,2,2022,2,0,92,98
4,4,2,2,487,351.16,104.62827528192959,24,2,1,90.6234145455496,1,2023,5,1,353,346
2,4,1,0,366,21.81,73.26629253582097,19,3,1,57.722886352093106,1,2023,4,6,2,15
3,4,3,1,350,29.34,18.377061895680836,4,1,1,18.88698909549433,3,2023,4,1,39,24
2,11,3,1,276,168.93,29.23047399958764,24,2,0,27.429748721518617,3,2023,10,3,174,165
2,16,1,2,214,185.73,35.924563630553514,4,2,1,30.492247455376383,0,2022,12,3,192,181
4,12,0,0,210,19.24,43.171693368724824,4,2,1,34.806293659417506,0,2023,9,5,2,14
3,10,3,3,114,121.31,94.45464164312948,19,1,1,78.29756824828924,3,2022,2,6,102,108
4,10,2,2,384,204.76,105.11218537573434,9,3,0,88.9072774841618,0,2022,6,1,197,196
1,14,3,3,368,321.42,39.65758435419025,4,1,0,30.255211949659838,3,2022,11,1,305,316
0,8,2,3,421,99.72,18.96466700958662,19,3,0,12.212069254516413,3,2023,3,2,91,95
2,0,2,3,292,195.58,111.08040986599308,24,3,0,87.57039723192048,0,2023,3,3,187,191
2,16,0,2,211,49.13,63.65722067312641,9,1,0,47.82428363337017,3,2022,3,1,47,44
4,0,2,1,383,214.04,25.013543182146144,24,1,0,22.86918559153229,3,2022,1,1,195,209
2,19,0,2,316,212.35,18.065976835377775,4,1,1,10.903633262961083,0,2022,3,1,218,208
4,17,2,1,236,-9.47,90.58336089269137,4,3,0,71.80279539165589,2,2023,6,3,0,1
4,17,2,3,230,110.29,61.05332350170079,14,2,0,48.86723985852297,1,2023,2,4,112,105
0,13,3,2,432,190.88,97.86505563756303,9,1,1,83.01931552216281,2,2022,10,5,197,185
3,16,2,2,93,79.98,30.8319859767034,24,0,0,22.442521681242507,1,2023,10,3,67,74
4,9,4,0,83,30.76,37.47998893206882,14,3,0,26.45316243796645,2,2022,10,5,31,27
2,8,2,2,269,31.71,98.39505240696825,9,0,0,80.4688134806528,3,2023,3,2,12,26
2,8,0,0,373,251.85,51.2483832677043,14,3,1,43.50075600910039,1,2022,2,3,248,248
0,17,0,2,276,164.34,26.062015052056463,9,1,0,17.96729133331413,0,2022,9,2,162,159
0,8,1,2,297,58.91,107.07086908875362,19,2,1,85.11470939269708,0,2023,3,3,59,53
0,19,1,0,87,36.51,73.63498594062459,19,2,1,61.90419267293297,2,2023,5,6,37,31
3,1,4,1,59,6.67,108.48803436346756,4,2,0,87.96861688152428,3,2023,4,1,1,7
2,0,4,0,63,53.42,73.79628930522618,9,1,0,63.31692428700357,0,2023,5,0,55,49
0,5,3,2,357,273.03,90.6985775816925,4,3,1,77.08394645902052,1,2022,1,1,259,271
0,11,2,3,222,59.37,45.91385056695181,4,1,1,36.06732254982953,3,2023,3,4,68,55
0,2,2,2,355,337.77,90.58336089269137,9,0,0,75.78499188769386,2,2022,9,5,323,333
2,16,1,0,240,51.0,16.280118155860205,19,0,0,17.673367306225614,1,2022,12,3,50,46
1,12,1,2,181,136.69,12.92731250592721,14,0,1,11.500962737366777,1,2023,4,4,130,132
0,18,1,3,482,145.14,104.44392857952778,4,0,1,82.09013633975395,0,2022,9,3,136,139
0,2,4,3,466,471.15,81.22776574579932,24,3,1,70.1151025909541,0,2022,6,2,454,459
0,5,1,1,458,235.61,96.8857137810534,14,0,0,80.50673916156744,2,2023,9,2,219,231
1,3,3,2,197,119.93,92.26552455210792,24,3,0,71.39509432182344,3,2023,7,1,128,114
1,14,1,3,207,11.72,27.64048369137199,24,2,0,25.69464881967351,1,2023,7,5,17,11
1,11,3,3,158,95.17,79.7529921265848,19,0,1,63.57292263317744,1,2023,2,1,96,91
3,3,0,2,384,335.71,75.58214798474376,4,2,1,59.239913588678995,2,2022,6,6,342,332
1,15,1,1,138,103.44,18.76879863828469,14,1,0,14.639312833053836,0,2022,12,6,99,98
3,19,2,3,459,252.52,71.15782712710022,19,0,1,57.495332266605224,1,2022,11,4,258,249
4,3,1,3,336,188.74,70.1093552571899,14,1,1,59.07872944479175,2,2023,4,4,169,185
1,19,3,1,433,342.35,100.5150394845891,4,3,1,85.14315365338307,3,2022,4,4,331,337
3,9,0,0,362,19.87,28.32026215647868,9,1,1,24.642211174292044,0,2022,9,1,2,15
3,16,3,0,76,51.65,90.6985775816925,4,1,0,74.66618430071176,2,2023,8,4,34,45
4,3,3,3,200,86.95,23.723116265333445,9,0,1,20.09112946453438,0,2022,12,5,74,82
4,13,4,3,268,172.85,55.292489051644104,14,0,1,43.30164618429849,1,2022,9,3,167,167
4,3,4,1,105,29.52,30.186772518297047,4,0,1,25.571390356700903,1,2023,1,2,28,25
1,19,4,3,271,159.29,49.16296119678378,9,3,1,45.13156028843022,0,2023,11,2,149,153
4,0,4,1,213,63.93,72.39064569941235,14,0,0,58.97443382227647,0,2023,6,3,61,59
3,12,1,2,64,9.11,45.038203730543195,14,0,1,33.09963801825838,1,2022,2,2,14,9
0,2,0,0,126,86.82,12.915790837027098,9,3,0,9.566753010719767,1,2022,1,0,94,82
0,6,4,0,498,178.37,61.77918864240793,24,3,1,47.59672954788229,2,2022,4,3,172,171
1,9,2,2,156,144.29,61.90592700030918,24,1,1,48.54487157074848,3,2023,12,4,147,139
4,18,3,1,176,6.23,34.968265111844104,4,1,0,33.175489380087676,0,2022,8,0,2,9
2,18,3,2,99,36.56,100.83764621379228,19,3,0,78.28808682806057,1,2022,7,6,29,28
4,3,0,0,229,140.16,45.556678831048295,24,1,0,36.15265533188749,0,2022,4,1,121,136
4,6,4,3,289,170.56,79.90277382228626,24,2,1,66.88193829298042,1,2022,11,5,170,165
2,4,0,3,367,149.17,83.8086195794247,14,0,0,68.46533547116694,3,2023,8,4,137,143
4,19,3,0,448,275.69,21.580085849912358,9,1,0,20.773791720998027,3,2023,9,1,283,271
4,4,0,1,302,157.45,36.97303550046383,14,2,0,26.367829655908494,0,2023,6,1,160,152
3,5,0,2,431,220.9,114.75582224512924,9,0,1,94.34013127518502,0,2022,5,3,227,216
3,5,1,1,139,69.27,43.644081793629475,19,0,0,39.21515406574525,2,2022,9,3,69,65
2,2,2,1,296,144.66,65.68503439954637,9,1,1,58.2443644646695,0,2023,1,0,150,140
1,16,0,1,91,11.56,50.59164814039784,14,1,0,40.46670153592861,3,2022,1,0,2,11
4,3,0,1,262,95.25,88.14076708586734,9,1,1,73.98352204424812,3,2023,3,2,95,91
1,17,3,2,417,322.29,112.12888173590338,19,3,1,93.19287942751694,3,2022,2,2,316,320
1,12,4,2,383,374.54,62.06723036491076,4,1,0,50.6971539626547,1,2022,1,1,379,367
0,17,2,3,147,42.74,18.572930266982766,9,3,0,15.217679467002208,0,2023,3,6,40,37
0,11,2,1,457,198.99,45.08429040614365,4,1,1,33.507339088090845,3,2023,7,0,188,193
0,16,2,2,236,33.52,78.00169845376757,4,0,1,67.62148907081603,3,2023,8,3,32,29
0,15,2,1,139,2.84,56.60595930625703,14,3,0,50.73507964356935,0,2022,2,2,3,6
0,14,4,1,307,102.88,53.55271704772698,9,0,0,41.24417799467888,3,2022,11,4,104,98
0,18,0,0,315,307.61,50.23447640449433,4,0,1,41.263140835136205,0,2023,11,6,312,302
3,19,4,2,131,145.02,99.67395765488084,19,0,1,78.96126766429556,1,2022,4,5,130,129
3,17,3,2,60,59.67,38.436287450778224,19,1,0,27.02204765168616,1,2023,11,2,54,51
0,11,2,0,281,70.71,66.64133291825578,9,2,1,57.827181974608386,2,2022,1,6,56,65
2,2,3,2,329,197.78,50.58012647149773,9,3,0,43.377497546127785,0,2023,11,0,179,193
2,8,1,0,429,35.6,22.006387599216552,4,1,1,16.86744658678936,3,2023,11,6,18,30
0,18,4,3,296,27.28,43.747776813730496,19,0,1,32.123051734706216,0,2023,8,5,16,22
0,11,1,2,304,267.68,34.783918409442286,4,0,1,30.624987338577647,3,2022,10,2,254,263
4,10,2,0,107,33.96,94.93855173693424,9,0,1,75.8987689304378,2,2023,2,1,43,30
4,17,3,3,441,101.11,62.90831219461904,9,2,1,55.295642773555684,2,2023,10,6,82,94
0,8,4,2,114,100.14,11.648407258014624,9,0,0,5.015671300962098,3,2022,7,2,90,93
3,13,4,2,460,18.35,41.6853980806102,4,0,1,34.4365182704997,0,2023,11,1,3,14
0,10,2,3,272,194.42,23.446596211730725,9,0,0,18.498250866119196,2,2023,9,4,186,188
4,6,4,1,228,21.72,89.21228229357789,9,1,0,75.90825035066646,3,2023,8,2,13,15
0,7,0,2,164,14.05,43.8399501649314,14,3,0,35.57428869793912,3,2023,12,5,1,11
4,4,3,3,325,94.07,75.6973646737449,24,2,0,59.89413158445666,0,2023,2,3,90,88
2,12,4,2,391,157.81,24.25311303473866,24,1,0,23.106221097248834,1,2022,6,5,163,152
0,1,4,2,134,98.04,76.3886648077517,19,3,0,67.21378800098358,2,2022,10,4,86,92
3,5,4,3,150,131.14,114.65212722502822,4,1,1,90.2726019970891,1,2023,7,3,133,126
0,13,2,2,78,21.01,73.34694421812176,19,0,0,61.43012166149988,0,2022,3,6,31,16
4,14,1,2,309,109.88,96.7359320853519,4,1,0,75.04544110985825,0,2023,7,4,119,104
4,14,2,1,230,24.29,29.414820701989456,14,1,1,21.89259930798012,3,2022,6,2,7,19
0,13,0,3,198,202.94,72.4252107061127,24,2,1,63.99010512323856,1,2023,12,4,196,192
4,10,3,0,290,262.82,91.96596116070498,9,0,0,76.13580443615434,0,2023,5,2,260,258
1,5,3,0,378,312.49,49.39339457478604,19,0,1,38.020495116933866,3,2022,4,0,299,307
0,15,3,1,229,180.85,39.392585969487634,24,0,0,36.35176515668939,3,2022,5,1,189,176
3,5,1,2,72,11.6,95.64137353984115,4,0,1,76.68572680941672,1,2022,1,6,5,10
4,9,4,2,282,152.38,39.16215259148537,14,0,0,31.990311851504952,1,2022,12,4,155,148
4,4,4,3,210,116.33,70.32826696629206,24,3,1,56.18689627504989,2,2023,12,3,116,111
0,13,2,2,181,130.17,22.20225597051848,14,3,0,18.251733940173985,3,2023,2,0,137,124
4,18,3,0,283,21.89,112.30170676940509,24,0,1,95.2882732980512,0,2023,3,3,13,16
0,6,2,3,256,118.11,15.611861359653627,9,3,1,13.444653884242447,0,2023,9,1,99,114
2,11,1,3,259,67.64,12.351229060921542,14,0,0,9.860677037808284,2,2023,8,2,69,62
3,14,0,1,329,303.97,29.207430661787413,24,3,1,25.144726446411124,2,2023,1,2,301,297
3,18,2,3,354,139.47,76.21583977425,14,2,1,58.91754530090449,0,2022,11,4,125,134
4,7,3,0,488,389.58,78.65843358107402,4,1,1,63.62032973432075,1,2022,2,5,394,385
2,1,2,0,269,137.94,55.476835754045915,4,3,1,44.7902291601984,2,2023,3,2,142,133
2,15,4,0,498,260.48,102.32394150190692,24,1,1,87.84535841855168,3,2023,12,5,255,251
4,5,4,3,234,103.41,17.5705450726729,9,3,1,13.767022172016949,2,2022,8,4,97,98
1,1,0,1,99,89.58,19.874878852695577,9,0,0,12.287920616345708,2,2022,6,3,72,83
0,17,2,2,148,83.04,103.39545670961745,19,0,1,87.69365569489308,3,2022,7,0,83,79
0,6,4,2,186,152.36,78.3703918585712,4,1,0,66.40786728154733,1,2023,7,3,137,148
3,17,3,2,419,134.58,25.255498229048527,19,1,0,20.802235981684014,2,2023,5,0,127,130
4,19,2,3,280,137.06,58.44942633027516,19,2,1,47.520878186053,0,2023,8,0,123,133
4,16,1,1,417,304.72,72.56347073291406,24,3,0,57.53325794751987,0,2023,1,1,290,297
3,12,3,2,473,184.73,107.312824135656,24,0,1,88.96416600553377,3,2022,3,5,165,180
0,15,2,1,282,233.88,74.63737113493445,14,0,1,60.510423899319676,0,2022,11,1,216,229
3,17,3,2,157,64.38,104.14436518812482,24,0,0,83.75886629999845,2,2022,9,1,53,60
3,8,1,1,153,163.7,35.87847695495306,9,3,0,28.624407670330008,1,2022,12,4,144,150
4,18,3,3,150,60.06,59.48637653128537,24,3,0,48.450057368461856,2,2023,9,3,42,55
4,14,0,0,187,142.43,31.292852732707935,14,3,1,28.47270494667142,3,2022,11,2,141,137
4,8,4,3,381,353.55,102.25481148850622,14,0,1,84.62167554080666,3,2023,4,6,350,348
3,3,4,0,296,4.87,66.52611622925464,24,1,0,58.00732895895296,0,2023,11,5,1,7
2,16,3,0,457,273.69,27.202660273167684,19,1,1,26.813456406655604,0,2022,3,1,278,269
3,13,3,1,448,294.11,36.33934371095759,9,0,1,28.055522456610298,1,2022,1,4,304,290
4,12,1,1,156,73.38,32.26067292031746,24,3,0,30.6629130194923,0,2022,4,6,55,68
0,19,2,0,242,173.56,103.79871512112142,14,3,1,82.9719084210195,3,2023,3,3,155,169
4,16,4,1,102,29.49,41.89278812081224,24,3,0,34.777849398731526,0,2022,4,6,14,25
1,14,3,1,200,149.67,58.748989721678115,24,1,1,45.82370396512253,0,2023,5,2,143,146
0,15,1,0,200,5.62,95.6874602154416,14,2,1,75.2255880942028,3,2022,7,4,9,7
3,1,3,0,164,-4.01,55.914659172250225,4,2,0,48.41213168754721,3,2022,3,5,1,3
4,16,0,3,189,26.54,112.07127339140283,4,1,1,94.65301814273086,2,2022,2,3,35,20
4,3,2,1,263,163.61,105.96478887434273,24,0,0,83.23738818742204,2,2023,12,5,166,158
3,1,0,2,246,34.01,22.686166064323242,9,0,1,23.17259103884947,2,2023,4,2,39,29
0,15,3,3,439,12.79,29.483950715390133,14,3,1,22.850222751074966,0,2022,6,6,1,11
3,16,0,0,119,47.6,39.00084922688379,24,0,0,33.67800465220675,0,2023,2,4,48,42
2,1,3,1,174,77.84,19.529228785692176,19,0,0,12.93265719189471,2,2023,1,0,66,73
2,6,2,2,141,77.01,42.814521632821304,24,3,0,39.35737536917517,3,2023,2,6,65,72
4,6,1,2,347,21.05,23.826811285434463,19,1,0,17.284629076850482,3,2022,1,4,17,15
4,17,4,2,332,332.73,64.98221259663944,14,2,0,50.99107798974322,3,2023,4,5,323,326
3,9,4,0,202,155.05,15.680991373054306,24,3,0,9.813269936664975,1,2022,5,0,146,149
2,10,0,2,180,115.13,68.41566992887324,14,1,0,55.068088688067796,2,2022,6,1,110,110
1,18,2,3,179,94.94,112.72800851870929,19,1,1,92.93688108134307,0,2022,5,4,98,92
3,17,0,0,344,17.82,108.6954244036696,9,0,1,86.16714703807854,3,2023,3,2,17,12
0,16,1,2,327,112.66,88.75141553757335,4,2,0,69.84962282455156,2,2022,11,0,94,108
1,10,4,2,486,334.04,102.50828820430871,4,3,0,84.51737991829138,2,2022,2,4,325,329
0,10,0,1,443,34.95,94.70811835893197,9,3,1,76.27802573958427,1,2023,5,2,26,30
0,6,2,2,167,101.25,87.62229198536224,14,0,1,68.76874091848411,2,2023,2,2,85,95
2,7,1,1,392,277.15,43.563430111328685,9,3,1,31.55416652098651,1,2023,2,3,279,271
3,15,2,0,200,181.47,47.42318919286666,24,3,1,34.796812239188846,1,2023,9,4,181,176
2,13,0,0,50,16.82,33.205449770126755,9,0,1,23.523403587309954,3,2023,7,3,7,13
4,6,0,0,301,279.28,18.065976835377775,14,0,1,19.11454318098221,3,2023,11,3,267,274
3,1,1,3,441,251.74,85.83643330584466,24,2,0,70.77880200696042,0,2022,9,0,253,247
2,0,4,0,348,235.62,12.65079245232449,14,1,1,13.425691043785125,2,2023,3,5,237,231
2,7,4,3,265,156.93,25.04810818884648,14,1,1,19.882538219503818,2,2023,5,6,149,152
0,19,1,2,338,47.66,102.51980987320884,4,2,0,79.94733536807638,0,2022,10,1,34,41
4,16,0,1,343,118.47,76.87257490155645,14,3,1,67.72578469333132,1,2022,5,3,104,113
4,14,3,3,298,125.36,22.870512766725057,9,0,0,21.428009716775694,1,2022,11,0,114,120
2,11,3,2,228,28.3,95.46854850633945,24,2,0,80.60155336385407,2,2023,3,4,31,23
3,8,4,1,392,54.08,22.663122726523017,24,2,0,15.634861957063325,3,2022,10,3,60,50
3,0,4,0,256,232.61,29.311125681888434,24,1,0,25.06887508458183,2,2023,6,1,227,228
0,0,4,2,293,187.12,66.88328796515816,19,1,0,51.616851724834895,1,2023,2,3,169,182
3,11,0,1,75,23.98,92.8416079971136,24,2,1,77.83297865708481,0,2022,1,2,6,19
3,7,0,1,251,216.57,58.86420641067925,9,3,1,48.53539015051981,1,2023,10,0,210,211
1,16,0,3,409,338.61,45.84472055355113,9,2,1,40.95973538781902,2,2022,9,4,320,334
0,8,4,1,71,78.93,88.65924218637244,19,3,0,75.51951212129133,0,2022,10,6,62,65
3,13,2,0,199,41.66,40.55627452839909,19,0,0,30.018176443943293,2,2023,7,6,42,36
0,5,2,2,153,137.87,78.15148014946904,9,1,0,62.50152214733866,0,2022,5,3,124,132
0,2,2,1,78,38.01,77.27583331306042,24,0,0,61.24997467715529,2,2022,9,6,44,34
0,17,0,0,341,289.85,71.75695390990612,4,0,0,60.55783100046298,1,2022,10,5,277,286
1,13,1,2,100,66.55,27.352441968869158,14,0,1,25.002505142981196,3,2022,10,6,66,62
4,7,3,2,111,76.48,14.644041172044105,9,0,0,8.410019742823026,3,2022,4,4,80,71
2,14,4,1,177,167.24,66.95241797855884,14,1,1,56.452376041452425,0,2022,10,1,174,162
4,0,1,2,177,174.54,57.03226105556122,14,0,1,48.13717050091602,1,2022,6,2,161,166
2,8,1,3,117,7.16,15.980554764457255,19,1,1,13.577393767443713,1,2022,1,2,1,9
4,10,4,0,346,299.55,33.70088153283163,14,3,0,24.699099695664017,0,2023,7,6,305,292
4,4,3,0,122,136.72,104.34023355942675,24,2,0,88.48061357387202,1,2023,3,5,121,122
